--* Insertando registros en las tablas
--? Insertando datos en la tabla departamento
INSERT INTO DEPARTAMENTO VALUES('L01','AMAZONAS');

INSERT INTO DEPARTAMENTO VALUES('L02','ANTIOQUIA');

INSERT INTO DEPARTAMENTO VALUES('L03','ARAUCA');

INSERT INTO DEPARTAMENTO VALUES('L04','ATLANTICO');

INSERT INTO DEPARTAMENTO VALUES('L05','BOGOTA DC');

INSERT INTO DEPARTAMENTO VALUES('L06','BOLIVAR');

INSERT INTO DEPARTAMENTO VALUES('L07','BOYACA');

INSERT INTO DEPARTAMENTO VALUES('L08','CALDAS');

INSERT INTO DEPARTAMENTO VALUES('L09','CAQUETA');

INSERT INTO DEPARTAMENTO VALUES('L10','CASANARE');

INSERT INTO DEPARTAMENTO VALUES('L11','CAUCA');

INSERT INTO DEPARTAMENTO VALUES('L12','CESAR');

INSERT INTO DEPARTAMENTO VALUES('L13','CHOCO');

INSERT INTO DEPARTAMENTO VALUES('L14','CORDOBA');

INSERT INTO DEPARTAMENTO VALUES('L15','CUNDINAMARCA');

INSERT INTO DEPARTAMENTO VALUES('L16','GUAINIA');

INSERT INTO DEPARTAMENTO VALUES('L17','GUAVIARE');

INSERT INTO DEPARTAMENTO VALUES('L18','HUILA');

INSERT INTO DEPARTAMENTO VALUES('L19','LA GUAJIRA');

INSERT INTO DEPARTAMENTO VALUES('L20','MAGDALENA');

INSERT INTO DEPARTAMENTO VALUES('L21','META');

INSERT INTO DEPARTAMENTO VALUES('L22','NARIÑO');

INSERT INTO DEPARTAMENTO VALUES('L23','NORTE DE SANTANDER');

INSERT INTO DEPARTAMENTO VALUES('L24','PUTUMAYO');

INSERT INTO DEPARTAMENTO VALUES('L25','QUINDIO');

INSERT INTO DEPARTAMENTO VALUES('L26','RISARALDA');

INSERT INTO DEPARTAMENTO VALUES('L27','SAN ANDRES Y PROVIDENCIA');

INSERT INTO DEPARTAMENTO VALUES('L28','SANTANDER');

INSERT INTO DEPARTAMENTO VALUES('L29','SUCRE');

INSERT INTO DEPARTAMENTO VALUES('L30','TOLIMA');

INSERT INTO DEPARTAMENTO VALUES('L31','VALLE DEL CAUCA');

INSERT INTO DEPARTAMENTO VALUES('L32','VAUPES');

INSERT INTO DEPARTAMENTO VALUES('L33','VICHADA');

--? Insertando datos en la tabla producto
INSERT INTO producto VALUES('P0001', 'PYE DE MANZANA', 20, 500, '2023/05/14');
INSERT INTO producto VALUES('P0002', 'TORTA DE CHOCOLATE', 45, 100, '2023/07/04');
INSERT INTO producto VALUES('P0003', 'TORTA TRES LECHES', 30, 40, '2023/06/24');
INSERT INTO producto VALUES('P0004', 'MOUSE DE MANZANA', 35, 70, '2023/09/06');
INSERT INTO producto VALUES('P0005', 'ARROZ CON LECHE - ENVASE ESPECIAL', 13.00, 40, '2023/11/04');
INSERT INTO producto VALUES('P0006', 'MAZAMORRA MORADA', 1.50, 70, '2023/12/04');
INSERT INTO producto VALUES('P0007', 'YOGURT ÁRABE', 3, 100, '2023/05/04');
INSERT INTO producto VALUES('P0008', 'PAN CON POLLO', 2.00, 500, '2023/06/05');
INSERT INTO producto VALUES('P0009', 'BROWNIE', 3, 300, '2023/05/04');
INSERT INTO producto VALUES('P0010', 'BESO DE MOZA', 1, 400, '2023/06/03');
INSERT INTO producto VALUES('P0011', 'PYE DE LIMÓN', 1.70, 100, '2023/05/02');
INSERT INTO producto VALUES('P0012', 'TORTA DE NARANJA', 16, 10, '2023/04/07');
INSERT INTO producto VALUES('P0013', 'TORTA DE FRESA', 41, 100, '2023/05/07');
INSERT INTO producto VALUES('P0014', 'ALFAJORES', 0.30, 400, '2023/04/06');
INSERT INTO producto VALUES('P0015', 'CHOCOCONOS', 2, 100, '2023/04/14');
INSERT INTO producto VALUES('P0016', 'SUSPIRO A LA COSTEÑA', 3.50, 100, '2023/06/12');

--? Insertando datos en la tabla cliente
INSERT INTO cliente VALUES('C0001','CARLOS','LOPEZ','HURTADO','CALLE DEL PINO 346','3104677352','CLOPEZ@HOTMAIL.COM','L01');
INSERT INTO cliente VALUES('C0002','FRIDA','QUIROZ','DUARTE','JR. LOS REYES 475','3006734732','FQUIROZ@GMAIL.COM','L06');
INSERT INTO cliente VALUES('C0003','ALEJANDRO','TRAUCO','MANRIQUE','HUASCAR 956','3184676732','ATRUCO@GMAIL.COM','L04');
INSERT INTO cliente VALUES('C0004','CARLA','GIRALDO','RUIZ','AV LOLITA 451','3234867438','CGIRALDO@HOTMAIL.COM','L02');
INSERT INTO cliente VALUES('C0005','CORINA','MENDOZA','PEREZ','AV INGENIEROS 111','3012548965','CMENDOZA@HOTMAIL.COM','L09');
INSERT INTO cliente VALUES('C0006','JORGE','RODAS','DIONICIO','JR. LAS LIRAS 456','3114789658','JRODAS@GMAIL.COM','L03');
INSERT INTO cliente VALUES('C0007','ORLANDO','CUEVAS','CABANILLAS','CALLE LA ENCANTADA 425','3055698532','OCUEVAS@HOTMAIL.COM','L11');
INSERT INTO cliente VALUES('C0008','ANTUANE','RODRIGUEZ','ALARCON','AV DORADO 347','3104589732','ARODRIGUEZ@HOTMAIL.COM','L05');
INSERT INTO cliente VALUES('C0009','MANUEL','SUAREZ','FERNANDEZ','JR. LOS ROBLES 854','3124576738','MSUAREZ@GMAIL.COM','L19');
INSERT INTO cliente VALUES('C0010','JUAN','GUTIERREZ','DIAZ','CALLE GIRASOLES 456','3134897421 ','JGUTIERREZ@HOTMAIL.COM ','L14');
INSERT INTO cliente VALUES('C0011','CARLOS','COLAN','BARDALES','AV HEROES 895','3143698579','CCOLAN@HOTMAIL.COM','L05');
INSERT INTO cliente VALUES('C0012','MARTIN','CARRILLO','SALAS','CALLE OS HUERTOS 844','3158965952','MCARRILLO@GMAIL.COM','L08');
INSERT INTO cliente VALUES('C0013','JOSE','LAZARTE','LUJAN','JR. AGAPITO 452','3161258965','JLAZARTE@GMAIL.COM','L17');
INSERT INTO cliente VALUES('C0014','VIDAL','TRUJILLO','RODRIGUEZ','AV CEPEDA 635','3171547894','VTRUJILLO@HOTMAIL.COM','L20');
INSERT INTO cliente VALUES('C0015','GUILLERMO','RAMOS','FLORES','JR. LAS ALMENDRAS 211','3184587964','GRAMOS@GMAIL.COM','L30');

--? Insertando datos en la tabla boleta
INSERT INTO boleta(FECHA, ID_CLIENTE) VALUES ('2023/01/10', 'C0011');
INSERT INTO boleta(FECHA, ID_CLIENTE) VALUES ('2023/01/20', 'C0002');
INSERT INTO boleta(FECHA, ID_CLIENTE) VALUES ('2023/01/20', 'C0001');
INSERT INTO boleta(FECHA, ID_CLIENTE) VALUES ('2023/01/23', 'C0005');
INSERT INTO boleta(FECHA, ID_CLIENTE) VALUES ('2023/02/10', 'C0001');
INSERT INTO boleta(FECHA, ID_CLIENTE) VALUES ('2023/02/20', 'C0002');
INSERT INTO boleta(FECHA, ID_CLIENTE) VALUES ('2023/03/05', 'C0006');
INSERT INTO boleta(FECHA, ID_CLIENTE) VALUES ('2023/03/24', 'C0006');
INSERT INTO boleta(FECHA, ID_CLIENTE) VALUES ('2023/04/20', 'C0005');
INSERT INTO boleta(FECHA, ID_CLIENTE) VALUES ('2023/04/20', 'C0011');
INSERT INTO boleta(FECHA, ID_CLIENTE) VALUES ('2023/05/10', 'C0006');
INSERT INTO boleta(FECHA, ID_CLIENTE) VALUES ('2023/06/20', 'C0006');
INSERT INTO boleta(FECHA, ID_CLIENTE) VALUES ('2023/07/20', 'C0001');
INSERT INTO boleta(FECHA, ID_CLIENTE) VALUES ('2023/07/26', 'C0006');
INSERT INTO boleta(FECHA, ID_CLIENTE) VALUES ('2023/07/20', 'C0006');
INSERT INTO boleta(FECHA, ID_CLIENTE) VALUES ('2023/07/20', 'C0005');
INSERT INTO boleta(FECHA, ID_CLIENTE) VALUES ('2023/08/05', 'C0002');
INSERT INTO boleta(FECHA, ID_CLIENTE) VALUES ('2023/07/05', 'C0012');
INSERT INTO boleta(FECHA, ID_CLIENTE) VALUES ('2023/06/20', 'C0006');
INSERT INTO boleta(FECHA, ID_CLIENTE) VALUES ('2023/05/27', 'C0014');
INSERT INTO boleta(FECHA, ID_CLIENTE) VALUES ('2023/08/05', 'C0002');
INSERT INTO boleta(FECHA, ID_CLIENTE) VALUES ('2023/06/20', 'C0001');

--? Insertando datos en la tabla detalleBoleta
INSERT INTO detalleBoleta VALUES(1,'P0005',10);
INSERT INTO detalleBoleta VALUES(1,'P0001',20);
INSERT INTO detalleBoleta VALUES(2,'P0002',20);
INSERT INTO detalleBoleta VALUES(2,'P0005',10);
INSERT INTO detalleBoleta VALUES(2,'P0003',15);
INSERT INTO detalleBoleta VALUES(3,'P0005',19);
INSERT INTO detalleBoleta VALUES(4,'P0001',19);
INSERT INTO detalleBoleta VALUES(4,'P0005',15);
INSERT INTO detalleBoleta VALUES(4,'P0003',11);
INSERT INTO detalleBoleta VALUES(5,'P0002',15);
INSERT INTO detalleBoleta VALUES(5,'P0005',10);
INSERT INTO detalleBoleta VALUES(6,'P0003',19);
INSERT INTO detalleBoleta VALUES(7,'P0002',11);
INSERT INTO detalleBoleta VALUES(8,'P0001',10);
INSERT INTO detalleBoleta VALUES(9,'P0005',11);
INSERT INTO detalleBoleta VALUES(10,'P0015',12);
INSERT INTO detalleBoleta VALUES(11,'P0002',11);
INSERT INTO detalleBoleta VALUES(11,'P0005',15);
INSERT INTO detalleBoleta VALUES(12,'P0003',19);
INSERT INTO detalleBoleta VALUES(12,'P0015',15);
INSERT INTO detalleBoleta VALUES(13,'P0005',11);
INSERT INTO detalleBoleta VALUES(13,'P0002',12);
INSERT INTO detalleBoleta VALUES(14,'P0005',19);
INSERT INTO detalleBoleta VALUES(15,'P0003',12);
INSERT INTO detalleBoleta VALUES(16,'P0015',15);
INSERT INTO detalleBoleta VALUES(17,'P0001',21);
INSERT INTO detalleBoleta VALUES(18,'P0005',21);
INSERT INTO detalleBoleta VALUES(18,'P0004',12);
INSERT INTO detalleBoleta VALUES(19,'P0004',15);
INSERT INTO detalleBoleta VALUES(20,'P0015',30);
INSERT INTO detalleBoleta VALUES(21,'P0005',30);
INSERT INTO detalleBoleta VALUES(22,'P0001',30);